time,ang_velY
0,-0.67138671875
0.0,-0.67138671875
0.0,-0.48828125
0.0,-0.6103515625
0.0,-0.67138671875
0.0,-0.48828125
0.0,-0.42724609375
0.0,-0.3662109375
0.0,-0.79345703125
0.0,-0.48828125
0.0,-0.6103515625
0.0,-0.6103515625
0.0,-0.6103515625
0.0,-0.54931640625
0.0,-0.67138671875
0.0,-0.6103515625
0,-0.79345703125
24.75,-0.8544921875
49.5,-0.732421875
74.25,-0.79345703125
99.0,-0.79345703125
123.75,-0.91552734375
148.5,-0.8544921875
173.25,-0.9765625
198.0,-0.79345703125
222.75,-0.9765625
247.5,-0.91552734375
272.25,-0.79345703125
297.0,-0.8544921875
321.75,-0.8544921875
346.5,-0.8544921875
371.25,-0.91552734375
396,-1.708984375
420.5,-1.46484375
445.0,-1.40380859375
469.5,-1.28173828125
494.0,-1.28173828125
518.5,-1.03759765625
543.0,-0.8544921875
567.5,-0.732421875
592.0,-0.79345703125
616.5,-0.30517578125
641.0,-0.3662109375
665.5,-0.48828125
690.0,-0.79345703125
714.5,-1.0986328125
739.0,-1.28173828125
763.5,-1.46484375
788,-10.6201171875
812.5625,-10.986328125
837.125,-11.41357421875
861.6875,-11.65771484375
886.25,-12.14599609375
910.8125,-13.36669921875
935.375,-13.85498046875
959.9375,-14.34326171875
984.5,-0.79345703125
1009.0625,-15.68603515625
1033.625,-16.6015625
1058.1875,-17.15087890625
1082.75,-18.06640625
1107.3125,-19.53125
1131.875,-20.32470703125
1156.4375,-21.1181640625
1181,-3.7841796875
1205.5625,-4.57763671875
1230.125,-5.67626953125
1254.6875,-6.34765625
1279.25,-4.39453125
1303.8125,-4.150390625
1328.375,-4.57763671875
1352.9375,-6.40869140625
1377.5,-0.79345703125
1402.0625,-7.26318359375
1426.625,-7.50732421875
1451.1875,-6.04248046875
1475.75,-5.43212890625
1500.3125,-5.55419921875
1524.875,-7.38525390625
1549.4375,-8.30078125
1574,-9.033203125
1588.125,-9.70458984375
1602.25,-9.27734375
1616.375,-8.30078125
1630.5,-7.99560546875
1644.625,-9.82666015625
1658.75,-11.04736328125
1672.875,-11.65771484375
1687.0,-0.79345703125
1701.125,-13.3056640625
1715.25,-13.85498046875
1729.375,-14.892578125
1743.5,-16.7236328125
1757.625,-18.85986328125
1771.75,-19.53125
1785.875,-20.01953125
1800,-25.57373046875
1817.5625,-27.40478515625
1835.125,-32.470703125
1852.6875,-33.87451171875
1870.25,-34.66796875
1887.8125,-43.64013671875
1905.375,-45.59326171875
1922.9375,-52.79541015625
1940.5,-0.79345703125
1958.0625,-59.4482421875
1975.625,-63.3544921875
1993.1875,-66.83349609375
2010.75,-70.12939453125
2028.3125,-77.81982421875
2045.875,-80.6884765625
2063.4375,-83.31298828125
2081,8.72802734375
2105.75,16.54052734375
2130.5,38.63525390625
2155.25,51.025390625
2180.0,63.720703125
2204.75,81.97021484375
2229.5,87.7685546875
2254.25,93.32275390625
2279.0,-0.79345703125
2303.75,106.38427734375
2328.5,114.74609375
2353.25,122.6806640625
2378.0,129.5166015625
2402.75,141.05224609375
2427.5,146.728515625
2452.25,152.83203125
2477,163.63525390625
2491.0,168.3349609375
2505.0,171.32568359375
2519.0,156.55517578125
2533.0,169.37255859375
2547.0,166.44287109375
2561.0,163.26904296875
2575.0,159.3017578125
2589.0,-0.79345703125
2603.0,157.16552734375
2617.0,154.052734375
2631.0,146.6064453125
2645.0,143.49365234375
2659.0,140.5029296875
2673.0,131.40869140625
2687.0,123.046875
2701,108.5205078125
2707.9375,89.9658203125
2714.875,60.9130859375
2721.8125,49.01123046875
2728.75,33.203125
2735.6875,-8.30078125
2742.625,-29.6630859375
2749.5625,-50.23193359375
2756.5,-0.79345703125
2763.4375,-86.181640625
2770.375,-99.18212890625
2777.3125,-100.89111328125
2784.25,-73.73046875
2791.1875,-2.86865234375
2798.125,-18.37158203125
2805.0625,-48.4619140625
2812,-106.75048828125
2822.6875,-107.2998046875
2833.375,-92.71240234375
2844.0625,-64.3310546875
2854.75,-60.1806640625
2865.4375,-59.2041015625
2876.125,-57.373046875
2886.8125,-40.95458984375
2897.5,-0.79345703125
2908.1875,-30.70068359375
2918.875,-23.3154296875
2929.5625,-18.310546875
2940.25,-20.8740234375
2950.9375,-25.390625
2961.625,-30.57861328125
2972.3125,-32.1044921875
2983,-32.1044921875
2996.9375,-29.47998046875
3010.875,-16.7236328125
3024.8125,-9.82666015625
3038.75,-5.43212890625
3052.6875,-3.41796875
3066.625,-4.8828125
3080.5625,-7.01904296875
3094.5,-0.79345703125
3108.4375,-12.26806640625
3122.375,-13.85498046875
3136.3125,-14.6484375
3150.25,-13.85498046875
3164.1875,-8.97216796875
3178.125,-6.40869140625
3192.0625,-4.2724609375
3206,-7.01904296875
3213.125,-9.8876953125
3220.25,-12.6953125
3227.375,-14.95361328125
3234.5,-15.56396484375
3241.625,-16.2353515625
3248.75,-17.4560546875
3255.875,-19.8974609375
3263.0,-0.79345703125
3270.125,-19.95849609375
3277.25,-20.44677734375
3284.375,-22.216796875
3291.5,-22.88818359375
3298.625,-24.84130859375
3305.75,-32.5927734375
3312.875,-35.58349609375
3320,-37.841796875
3330.625,-39.1845703125
3341.25,-38.818359375
3351.875,-38.02490234375
3362.5,-37.9638671875
3373.125,-38.63525390625
3383.75,-39.306640625
3394.375,-40.34423828125
3405.0,-0.79345703125
3415.625,-42.05322265625
3426.25,-43.0908203125
3436.875,-43.39599609375
3447.5,-42.236328125
3458.125,-40.83251953125
3468.75,-41.93115234375
3479.375,-42.54150390625
3490,-56.09130859375
3500.5625,-58.7158203125
3511.125,-60.546875
3521.6875,-68.84765625
3532.25,-75.98876953125
3542.8125,-83.0078125
3553.375,-87.158203125
3563.9375,-91.49169921875
3574.5,-0.79345703125
3585.0625,-92.529296875
3595.625,-93.81103515625
3606.1875,-97.65625
3616.75,-96.19140625
3627.3125,-94.66552734375
3637.875,-96.435546875
3648.4375,-100.09765625
3659,103.271484375
3676.375,111.6943359375
3693.75,120.05615234375
3711.125,135.92529296875
3728.5,144.53125
3745.875,153.01513671875
3763.25,161.0107421875
3780.625,177.1240234375
3798.0,-0.79345703125
3815.375,185.05859375
3832.75,191.46728515625
3850.125,201.72119140625
3867.5,205.74951171875
3884.875,208.80126953125
3902.25,215.02685546875
3919.625,218.07861328125
3937,219.3603515625
3954.8125,219.6044921875
3972.625,213.07373046875
3990.4375,204.89501953125
4008.25,194.39697265625
4026.0625,171.142578125
4043.875,157.2265625
4061.6875,140.19775390625
4079.5,-0.79345703125
4097.3125,96.6796875
4115.125,76.904296875
4132.9375,59.87548828125
4150.75,45.10498046875
4168.5625,20.56884765625
4186.375,8.23974609375
4204.1875,-6.7138671875
4222,-45.10498046875
4228.875,-65.7958984375
4235.75,-75.1953125
4242.625,6.34765625
4249.5,-51.20849609375
4256.375,-153.6865234375
4263.25,-206.0546875
4270.125,-188.65966796875
4277.0,-0.79345703125
4283.875,-138.36669921875
4290.75,-110.41259765625
4297.625,-94.7265625
4304.5,-83.984375
4311.375,-66.2841796875
4318.25,-31.31103515625
4325.125,-20.8740234375
4332,-13.427734375
4342.5625,-10.6201171875
4353.125,-23.4375
4363.6875,-34.24072265625
4374.25,-44.189453125
4384.8125,-52.24609375
4395.375,-46.08154296875
4405.9375,-34.97314453125
4416.5,-0.79345703125
4427.0625,-9.33837890625
4437.625,-1.52587890625
4448.1875,1.953125
4458.75,2.38037109375
4469.3125,-3.2958984375
4479.875,-9.8876953125
4490.4375,-17.27294921875
4501,-13.5498046875
4515.0625,-16.78466796875
4529.125,-20.263671875
4543.1875,-21.728515625
4557.25,-23.01025390625
4571.3125,-27.34375
4585.375,-31.8603515625
4599.4375,-37.7197265625
4613.5,-0.79345703125
4627.5625,-46.7529296875
4641.625,-48.40087890625
4655.6875,-47.42431640625
4669.75,-44.921875
4683.8125,-42.41943359375
4697.875,-44.12841796875
4711.9375,-46.7529296875
4726,-99.12109375
4747.125,-102.84423828125
4768.25,-106.26220703125
4789.375,-105.40771484375
4810.5,-102.294921875
4831.625,-103.45458984375
4852.75,-116.63818359375
4873.875,-122.74169921875
4895.0,-0.79345703125
4916.125,-85.205078125
4937.25,-44.43359375
4958.375,-7.99560546875
4979.5,30.3955078125
5000.625,35.400390625
5021.75,41.44287109375
5042.875,49.25537109375
5064,73.6083984375
5081.75,91.12548828125
5099.5,107.84912109375
5117.25,136.53564453125
5135.0,148.74267578125
5152.75,160.15625
5170.5,171.2646484375
5188.25,191.162109375
5206.0,-0.79345703125
5223.75,198.18115234375
5241.5,204.04052734375
5259.25,214.111328125
5277.0,217.1630859375
5294.75,218.26171875
5312.5,213.92822265625
5330.25,209.53369140625
5348,205.56640625
5354.875,202.880859375
5361.75,201.72119140625
5368.625,199.0966796875
5375.5,195.25146484375
5382.375,184.2041015625
5389.25,176.8798828125
5396.125,168.64013671875
5403.0,-0.79345703125
5409.875,147.0947265625
5416.75,133.23974609375
5423.625,116.76025390625
5430.5,82.6416015625
5437.375,58.837890625
5444.25,35.0341796875
5451.125,4.69970703125
5458,-59.63134765625
5468.5,-86.97509765625
5479.0,-109.80224609375
5489.5,-79.89501953125
5500.0,-21.17919921875
5510.5,-41.3818359375
5521.0,-101.86767578125
5531.5,-154.541015625
5542.0,-0.79345703125
5552.5,-149.4140625
5563.0,-136.77978515625
5573.5,-104.98046875
5584.0,-88.31787109375
5594.5,-81.35986328125
5605.0,-73.91357421875
5615.5,-61.34033203125
5626,-39.6728515625
5636.75,-17.27294921875
5647.5,6.7138671875
5658.25,8.544921875
5669.0,0.6103515625
5679.75,-37.78076171875
5690.5,-54.87060546875
5701.25,-64.697265625
5712.0,-0.79345703125
5722.75,-62.744140625
5733.5,-52.490234375
5744.25,-38.02490234375
5755.0,-5.859375
5765.75,4.638671875
5776.5,10.68115234375
5787.25,11.65771484375
5798,1.953125
5808.5,-7.87353515625
5819.0,-20.44677734375
5829.5,-39.306640625
5840.0,-39.48974609375
5850.5,-34.11865234375
5861.0,-24.47509765625
5871.5,-4.33349609375
5882.0,-0.79345703125
5892.5,-0.1220703125
5903.0,0.244140625
5913.5,-9.94873046875
5924.0,-16.4794921875
5934.5,-19.53125
5945.0,-14.34326171875
5955.5,-10.55908203125
5966,-9.3994140625
5976.4375,-11.16943359375
5986.875,-23.13232421875
5997.3125,-29.47998046875
6007.75,-34.0576171875
6018.1875,-39.0625
6028.625,-40.71044921875
6039.0625,-43.76220703125
6049.5,-0.79345703125
6059.9375,-49.560546875
6070.375,-50.84228515625
6080.8125,-49.74365234375
6091.25,-50.35400390625
6101.6875,-53.52783203125
6112.125,-57.6171875
6122.5625,-61.46240234375
6133,-65.24658203125
6143.625,-64.0869140625
6154.25,-62.31689453125
6164.875,-59.6923828125
6175.5,-69.27490234375
6186.125,-75.927734375
6196.75,-77.20947265625
6207.375,-81.6650390625
6218.0,-0.79345703125
6228.625,-83.6181640625
6239.25,-89.84375
6249.875,-96.74072265625
6260.5,-96.13037109375
6271.125,-95.21484375
6281.75,-96.923828125
6292.375,-101.1962890625
6303,139.22119140625
6323.9375,152.587890625
6344.875,165.95458984375
6365.8125,190.61279296875
6386.75,199.52392578125
6407.6875,206.11572265625
6428.625,210.87646484375
6449.5625,218.20068359375
6470.5,-0.79345703125
6491.4375,221.435546875
6512.375,223.69384765625
6533.3125,222.2900390625
6554.25,222.0458984375
6575.1875,222.71728515625
6596.125,226.98974609375
6617.0625,225.830078125
6638,223.81591796875
6652.1875,220.64208984375
6666.375,206.97021484375
6680.5625,192.07763671875
6694.75,172.8515625
6708.9375,128.662109375
6723.125,102.5390625
6737.3125,76.416015625
6751.5,-0.79345703125
6765.6875,41.8701171875
6779.875,25.93994140625
6794.0625,1.52587890625
6808.25,-61.46240234375
6822.4375,-86.7919921875
6836.625,-104.736328125
6850.8125,-111.9384765625
6865,-41.68701171875
6875.4375,-39.0625
6885.875,-75.74462890625
6896.3125,-140.869140625
6906.75,-156.73828125
6917.1875,-150.20751953125
6927.625,-129.33349609375
6938.0625,-79.833984375
6948.5,-0.79345703125
6958.9375,-64.94140625
6969.375,-54.931640625
6979.8125,-29.1748046875
6990.25,-18.73779296875
7000.6875,-14.46533203125
7011.125,-18.6767578125
7021.5625,-27.52685546875
7032,-37.7197265625
7039.0625,-44.5556640625
7046.125,-44.189453125
7053.1875,-38.330078125
7060.25,-30.45654296875
7067.3125,-11.41357421875
7074.375,-2.74658203125
7081.4375,2.99072265625
7088.5,-0.79345703125
7095.5625,6.28662109375
7102.625,2.74658203125
7109.6875,-1.8310546875
7116.75,-9.521484375
7123.8125,-9.82666015625
7130.875,-7.50732421875
7137.9375,-2.99072265625
7145,5.9814453125
7155.625,7.080078125
7166.25,4.57763671875
7176.875,-5.18798828125
7187.5,-11.1083984375
7198.125,-16.90673828125
7208.75,-21.42333984375
7219.375,-25.2685546875
7230.0,-0.79345703125
7240.625,-24.96337890625
7251.25,-25.08544921875
7261.875,-26.4892578125
7272.5,-27.40478515625
7283.125,-29.052734375
7293.75,-35.58349609375
7304.375,-39.794921875
7315,-44.00634765625
7325.5,-47.30224609375
7336.0,-52.91748046875
7346.5,-55.17578125
7357.0,-56.7626953125
7367.5,-56.57958984375
7378.0,-56.5185546875
7388.5,-57.80029296875
7399.0,-0.79345703125
7409.5,-62.19482421875
7420.0,-63.232421875
7430.5,-63.4765625
7441.0,-60.9130859375
7451.5,-61.70654296875
7462.0,-60.05859375
7472.5,-65.36865234375
7483,-78.857421875
7497.0625,-80.38330078125
7511.125,-82.763671875
7525.1875,-92.83447265625
7539.25,-101.4404296875
7553.3125,-107.0556640625
7567.375,-108.5205078125
7581.4375,-104.00390625
7595.5,-0.79345703125
7609.5625,-100.7080078125
7623.625,-97.83935546875
7637.6875,-93.6279296875
7651.75,-90.75927734375
7665.8125,-86.36474609375
7679.875,-91.4306640625
7693.9375,-109.92431640625
7708,173.52294921875
7718.5,180.35888671875
7729.0,188.720703125
7739.5,203.18603515625
7750.0,207.03125
7760.5,208.1298828125
7771.0,208.1298828125
7781.5,209.8388671875
7792.0,-0.79345703125
7802.5,213.80615234375
7813.0,218.93310546875
7823.5,222.2900390625
7834.0,219.7265625
7844.5,216.61376953125
7855.0,203.06396484375
7865.5,192.19970703125
7876,181.45751953125
7890.125,153.9306640625
7904.25,133.85009765625
7918.375,109.130859375
7932.5,84.228515625
7946.625,45.10498046875
7960.75,24.84130859375
7974.875,-0.42724609375
7989.0,-0.79345703125
8003.125,-53.8330078125
8017.25,-74.52392578125
8031.375,-92.46826171875
8045.5,-101.62353515625
8059.625,-43.3349609375
8073.75,-6.89697265625
8087.875,-54.443359375
8102,-148.8037109375
8112.5,-168.9453125
8123.0,-154.78515625
8133.5,-102.783203125
8144.0,-92.46826171875
8154.5,-91.85791015625
8165.0,-91.6748046875
8175.5,-78.43017578125
8186.0,-0.79345703125
8196.5,-61.4013671875
8207.0,-40.95458984375
8217.5,-9.94873046875
8228.0,-2.62451171875
8238.5,-2.197265625
8249.0,-24.5361328125
8259.5,-40.8935546875
8270,-54.87060546875
8284.0625,-62.98828125
8298.125,-57.0068359375
8312.1875,-43.15185546875
8326.25,-26.06201171875
8340.3125,1.46484375
8354.375,8.9111328125
8368.4375,11.962890625
8382.5,-0.79345703125
8396.5625,5.126953125
8410.625,-3.173828125
8424.6875,-14.404296875
8438.75,-33.99658203125
8452.8125,-36.80419921875
8466.875,-33.935546875
8480.9375,-26.611328125
8495,-8.6669921875
8502.125,-3.35693359375
8509.25,-1.953125
8516.375,-9.1552734375
8523.5,-15.13671875
8530.625,-20.3857421875
8537.75,-22.39990234375
8544.875,-16.66259765625
8552.0,-0.79345703125
8559.125,-12.20703125
8566.25,-8.97216796875
8573.375,-8.85009765625
8580.5,-12.26806640625
8587.625,-17.578125
8594.75,-28.1982421875
8601.875,-32.89794921875
8609,-36.92626953125
8619.4375,-41.07666015625
8629.875,-48.03466796875
8640.3125,-50.29296875
8650.75,-52.30712890625
8661.1875,-56.70166015625
8671.625,-58.837890625
8682.0625,-59.4482421875
8692.5,-0.79345703125
8702.9375,-57.43408203125
8713.375,-56.45751953125
8723.8125,-61.21826171875
8734.25,-67.07763671875
8744.6875,-65.12451171875
8755.125,-68.66455078125
8765.5625,-72.998046875
8776,-86.48681640625
8786.625,-93.017578125
8797.25,-96.5576171875
8807.875,-99.30419921875
8818.5,-100.28076171875
8829.125,-101.5625
8839.75,-103.82080078125
8850.375,-105.46875
8861.0,-0.79345703125
8871.625,-102.72216796875
8882.25,-98.876953125
8892.875,-87.40234375
8903.5,-83.67919921875
8914.125,-87.82958984375
8924.75,-96.86279296875
8935.375,-78.91845703125
8946,-42.724609375
8956.5625,41.32080078125
8967.125,67.56591796875
8977.6875,83.19091796875
8988.25,88.8671875
8998.8125,82.45849609375
9009.375,79.65087890625
9019.9375,83.740234375
9030.5,-0.79345703125
9041.0625,111.083984375
9051.625,126.5869140625
9062.1875,137.87841796875
9072.75,151.9775390625
9083.3125,159.7900390625
9093.875,168.02978515625
9104.4375,174.6826171875
9115,182.92236328125
9125.75,186.5234375
9136.5,190.61279296875
9147.25,207.3974609375
9158.0,217.529296875
9168.75,222.83935546875
9179.5,222.10693359375
9190.25,209.04541015625
9201.0,-0.79345703125
9211.75,200.98876953125
9222.5,195.61767578125
9233.25,194.39697265625
9244.0,197.1435546875
9254.75,202.20947265625
9265.5,208.67919921875
9276.25,201.5380859375
9287,183.53271484375
9297.3125,129.69970703125
9307.625,106.50634765625
9317.9375,85.8154296875
9328.25,61.279296875
9338.5625,-4.45556640625
9348.875,-37.41455078125
9359.1875,-64.63623046875
9369.5,-0.79345703125
9379.8125,-104.00390625
9390.125,-118.2861328125
9400.4375,-99.853515625
9410.75,48.76708984375
9421.0625,-1.3427734375
9431.375,-66.34521484375
9441.6875,-121.27685546875
9452,-181.57958984375
9462.5,-161.0107421875
9473.0,-136.1083984375
9483.5,-116.76025390625
9494.0,-100.76904296875
9504.5,-74.951171875
9515.0,-49.74365234375
9525.5,-23.5595703125
9536.0,-0.79345703125
9546.5,-17.9443359375
9557.0,-14.95361328125
9567.5,-21.17919921875
9578.0,-31.6162109375
9588.5,-44.00634765625
9599.0,-56.0302734375
9609.5,-52.001953125
9620,-43.3349609375
9630.6875,-17.02880859375
9641.375,-3.96728515625
9652.0625,2.8076171875
9662.75,2.62451171875
9673.4375,-11.04736328125
9684.125,-18.9208984375
9694.8125,-23.98681640625
9705.5,-0.79345703125
9716.1875,-22.8271484375
9726.875,-17.51708984375
9737.5625,-10.80322265625
9748.25,-4.57763671875
9758.9375,-5.615234375
9769.625,-8.056640625
9780.3125,-10.986328125
9791,-11.8408203125
9801.4375,-10.55908203125
9811.875,-8.544921875
9822.3125,-5.9814453125
9832.75,-5.859375
9843.1875,-6.103515625
9853.625,-6.28662109375
9864.0625,-4.39453125
9874.5,-0.79345703125
9884.9375,-2.38037109375
9895.375,-0.67138671875
9905.8125,-0.1220703125
9916.25,-1.64794921875
9926.6875,-5.2490234375
9937.125,-13.85498046875
9947.5625,-17.08984375
9958,-19.04296875
9968.5625,-23.86474609375
9979.125,-27.2216796875
9989.6875,-31.06689453125
10000.25,-35.0341796875
10010.8125,-41.68701171875
10021.375,-43.64013671875
10031.9375,-44.189453125
10042.5,-0.79345703125
10053.0625,-44.3115234375
10063.625,-45.10498046875
10074.1875,-46.56982421875
10084.75,-46.69189453125
10095.3125,-49.74365234375
10105.875,-56.884765625
10116.4375,-55.72509765625
10127,-99.7314453125
10148.125,-63.4765625
10169.25,-15.0146484375
10190.375,35.15625
10211.5,76.171875
10232.625,118.22509765625
10253.75,121.58203125
10274.875,117.67578125
10296.0,-0.79345703125
10317.125,110.9619140625
10338.25,117.00439453125
10359.375,128.60107421875
10380.5,156.005859375
10401.625,166.015625
10422.75,172.119140625
10443.875,175.1708984375
10465,181.09130859375
10479.0625,186.4013671875
10493.125,192.138671875
10507.1875,195.37353515625
10521.25,191.10107421875
10535.3125,184.87548828125
10549.375,179.8095703125
10563.4375,173.095703125
10577.5,-0.79345703125
10591.5625,173.40087890625
10605.625,172.79052734375
10619.6875,164.00146484375
10633.75,160.15625
10647.8125,159.3017578125
10661.875,168.76220703125
10675.9375,176.1474609375
10690,182.92236328125
10697.0,188.232421875
10704.0,185.4248046875
10711.0,179.931640625
10718.0,172.2412109375
10725.0,144.10400390625
10732.0,120.17822265625
10739.0,91.49169921875
10746.0,-0.79345703125
10753.0,38.0859375
10760.0,20.3857421875
10767.0,6.77490234375
10774.0,-23.25439453125
10781.0,-27.9541015625
10788.0,8.6669921875
10795.0,58.16650390625
10802,19.95849609375
10812.5625,-72.93701171875
10823.125,-163.02490234375
10833.6875,-164.36767578125
10844.25,-104.00390625
10854.8125,-63.53759765625
10865.375,-50.1708984375
10875.9375,-43.5791015625
10886.5,-0.79345703125
10897.0625,-41.1376953125
10907.625,-41.9921875
10918.1875,-36.62109375
10928.75,-31.1279296875
10939.3125,-28.01513671875
10949.875,-34.1796875
10960.4375,-36.92626953125
10971,-34.0576171875
10981.625,-13.85498046875
10992.25,-3.60107421875
11002.875,1.8310546875
11013.5,3.84521484375
11024.125,-0.9765625
11034.75,-3.90625
11045.375,-6.16455078125
11056.0,-0.79345703125
11066.625,-2.62451171875
11077.25,2.0751953125
11087.875,7.4462890625
11098.5,10.3759765625
11109.125,7.26318359375
11119.75,2.8076171875
11130.375,-0.18310546875
11141,0.1220703125
11151.4375,2.01416015625
11161.875,3.23486328125
11172.3125,0.67138671875
11182.75,-0.6103515625
11193.1875,-1.46484375
11203.625,-2.44140625
11214.0625,-3.23486328125
11224.5,-0.79345703125
11234.9375,-3.84521484375
11245.375,-4.57763671875
11255.8125,-7.50732421875
11266.25,-9.70458984375
11276.6875,-11.29150390625
11287.125,-13.12255859375
11297.5625,-13.7939453125
11308,-14.892578125
11318.5625,-20.3857421875
11329.125,-23.4375
11339.6875,-26.67236328125
11350.25,-29.6630859375
11360.8125,-31.982421875
11371.375,-33.69140625
11381.9375,-36.62109375
11392.5,-0.79345703125
11403.0625,-44.00634765625
11413.625,-47.30224609375
11424.1875,-49.37744140625
11434.75,-47.9736328125
11445.3125,-49.86572265625
11455.875,-50.1708984375
11466.4375,-52.55126953125
11477,-56.09130859375
11483.9375,-53.466796875
11490.875,-56.09130859375
11497.8125,-63.17138671875
11504.75,-63.1103515625
11511.6875,-66.7724609375
11518.625,-86.9140625
11525.5625,-90.4541015625
11532.5,-0.79345703125
11539.4375,-96.98486328125
11546.375,-98.9990234375
11553.3125,-90.63720703125
11560.25,-84.9609375
11567.1875,-78.61328125
11574.125,-71.59423828125
11581.0625,-67.3828125
11588,-64.51416015625
11598.75,-89.17236328125
11609.5,-103.33251953125
11620.25,-99.42626953125
11631.0,-74.89013671875
11641.75,1.8310546875
11652.5,33.8134765625
11663.25,57.06787109375
11674.0,-0.79345703125
11684.75,78.9794921875
11695.5,84.3505859375
11706.25,92.22412109375
11717.0,118.408203125
11727.75,132.9345703125
11738.5,144.6533203125
11749.25,152.77099609375
11760,164.12353515625
11770.5,169.98291015625
11781.0,175.6591796875
11791.5,185.11962890625
11802.0,188.5986328125
11812.5,191.89453125
11823.0,196.533203125
11833.5,198.8525390625
11844.0,-0.79345703125
11854.5,202.2705078125
11865.0,206.35986328125
11875.5,213.2568359375
11886.0,215.88134765625
11896.5,218.017578125
11907.0,214.78271484375
11917.5,210.63232421875
11928,206.1767578125
11938.5,190.0634765625
11949.0,177.1240234375
11959.5,165.1611328125
11970.0,151.91650390625
11980.5,113.6474609375
11991.0,97.900390625
12001.5,86.60888671875
12012.0,-0.79345703125
12022.5,52.8564453125
12033.0,27.52685546875
12043.5,0.9765625
12054.0,-50.35400390625
12064.5,-74.03564453125
12075.0,-97.65625
12085.5,-113.6474609375
12096,1.953125
12106.5625,31.6162109375
12117.125,-26.9775390625
12127.6875,-128.72314453125
12138.25,-179.0771484375
12148.8125,-194.27490234375
12159.375,-104.3701171875
12169.9375,-73.486328125
12180.5,-0.79345703125
12191.0625,-65.85693359375
12201.625,-51.1474609375
12212.1875,-39.306640625
12222.75,-23.193359375
12233.3125,-11.65771484375
12243.875,0.244140625
12254.4375,-2.86865234375
12265,-13.12255859375
12275.5625,-40.8935546875
12286.125,-51.20849609375
12296.6875,-55.7861328125
12307.25,-53.64990234375
12317.8125,-33.02001953125
12328.375,-19.83642578125
12338.9375,-8.23974609375
12349.5,-0.79345703125
12360.0625,4.69970703125
12370.625,6.9580078125
12381.1875,5.18798828125
12391.75,-7.99560546875
12402.3125,-17.88330078125
12412.875,-26.2451171875
12423.4375,-31.67724609375
12434,-31.982421875
12448.0625,-28.38134765625
12462.125,-23.5595703125
12476.1875,-13.671875
12490.25,-10.43701171875
12504.3125,-9.82666015625
12518.375,-16.2353515625
12532.4375,-20.3857421875
12546.5,-0.79345703125
12560.5625,-22.64404296875
12574.625,-22.216796875
12588.6875,-19.775390625
12602.75,-16.845703125
12616.8125,-14.2822265625
12630.875,-11.53564453125
12644.9375,-12.75634765625
12659,-15.93017578125
12666.0,-26.4892578125
12673.0,-31.92138671875
12680.0,-37.841796875
12687.0,-44.49462890625
12694.0,-52.734375
12701.0,-55.96923828125
12708.0,-59.9365234375
12715.0,-0.79345703125
12722.0,-67.9931640625
12729.0,-69.15283203125
12736.0,-68.90869140625
12743.0,-69.3359375
12750.0,-68.359375
12757.0,-71.47216796875
12764.0,-79.9560546875
12771,-75.5615234375
12781.625,-79.77294921875
12792.25,-86.42578125
12802.875,-100.64697265625
12813.5,-106.87255859375
12824.125,-110.29052734375
12834.75,-113.46435546875
12845.375,-115.78369140625
12856.0,-0.79345703125
12866.625,-118.5302734375
12877.25,-117.919921875
12887.875,-114.013671875
12898.5,-108.09326171875
12909.125,-100.9521484375
12919.75,-99.12109375
12930.375,-107.0556640625
12941,-111.75537109375
12951.625,-72.998046875
12962.25,-27.03857421875
12972.875,21.3623046875
12983.5,60.6689453125
12994.125,98.2666015625
13004.75,99.7314453125
13015.375,95.947265625
13026.0,-0.79345703125
13036.625,88.623046875
13047.25,94.17724609375
13057.875,103.759765625
13068.5,126.64794921875
13079.125,136.3525390625
13089.75,144.287109375
13100.375,150.634765625
13111,168.5791015625
13128.5625,148.25439453125
13146.125,131.103515625
13163.6875,108.2763671875
13181.25,85.63232421875
13198.8125,51.08642578125
13216.375,29.23583984375
13233.9375,0.8544921875
13251.5,-0.79345703125
13269.0625,-58.837890625
13286.625,-83.3740234375
13304.1875,-103.94287109375
13321.75,-99.79248046875
13339.3125,-9.82666015625
13356.875,17.39501953125
13374.4375,-63.3544921875
13392,-193.54248046875
13406.0625,-225.7080078125
13420.125,-214.4775390625
13434.1875,-123.71826171875
13448.25,-108.82568359375
13462.3125,-105.95703125
13476.375,-83.3740234375
13490.4375,-59.63134765625
13504.5,-0.79345703125
13518.5625,-39.306640625
13532.625,-10.92529296875
13546.6875,-1.953125
13560.75,0.732421875
13574.8125,-3.41796875
13588.875,-33.38623046875
13602.9375,-50.78125
13617,-63.41552734375
13627.4375,-67.44384765625
13637.875,-55.7861328125
13648.3125,-38.330078125
13658.75,-19.04296875
13669.1875,5.92041015625
13679.625,11.16943359375
13690.0625,11.65771484375
13700.5,-0.79345703125
13710.9375,-3.11279296875
13721.375,-15.869140625
13731.8125,-29.1748046875
13742.25,-42.48046875
13752.6875,-39.1845703125
13763.125,-30.029296875
13773.5625,-17.4560546875
13784,-0.91552734375
13794.625,0.732421875
13805.25,-1.28173828125
13815.875,-14.22119140625
13826.5,-19.34814453125
13837.125,-20.93505859375
13847.75,-13.916015625
13858.375,-8.85009765625
13869.0,-0.79345703125
13879.625,-7.2021484375
13890.25,-16.66259765625
13900.875,-23.92578125
13911.5,-29.9072265625
13922.125,-34.85107421875
13932.75,-43.0908203125
13943.375,-46.81396484375
13954,-50.84228515625
13964.5,-56.82373046875
13975.0,-58.9599609375
13985.5,-61.03515625
13996.0,-62.56103515625
14006.5,-66.2841796875
14017.0,-67.9931640625
14027.5,-69.03076171875
14038.0,-0.79345703125
14048.5,-83.251953125
14059.0,-81.72607421875
14069.5,-82.3974609375
14080.0,-93.8720703125
14090.5,-100.2197265625
14101.0,-107.36083984375
14111.5,-113.1591796875
14122,83.6181640625
14139.6875,83.251953125
14157.375,87.34130859375
14175.0625,97.2900390625
14192.75,109.7412109375
14210.4375,132.99560546875
14228.125,142.9443359375
14245.8125,150.69580078125
14263.5,-0.79345703125
14281.1875,158.02001953125
14298.875,156.25
14316.5625,150.69580078125
14334.25,130.18798828125
14351.9375,119.62890625
14369.625,119.32373046875
14387.3125,133.30078125
14405,163.87939453125
14419.0,167.724609375
14433.0,163.87939453125
14447.0,149.2919921875
14461.0,150.81787109375
14475.0,160.0341796875
14489.0,190.91796875
14503.0,197.69287109375
14517.0,-0.79345703125
14531.0,192.44384765625
14545.0,162.65869140625
14559.0,149.84130859375
14573.0,138.5498046875
14587.0,126.64794921875
14601.0,87.40234375
14615.0,62.98828125
14629,-87.2802734375
14642.9375,-102.05078125
14656.875,-99.12109375
14670.8125,-45.59326171875
14684.75,-9.33837890625
14698.6875,17.08984375
14712.625,27.587890625
14726.5625,8.85009765625
14740.5,-0.79345703125
14754.4375,-17.333984375
14768.375,-73.18115234375
14782.3125,-86.5478515625
14796.25,-85.14404296875
14810.1875,-69.76318359375
14824.125,-15.44189453125
14838.0625,5.67626953125
14852,18.6767578125
14866.125,12.451171875
14880.25,-3.173828125
14894.375,-22.03369140625
14908.5,-38.26904296875
14922.625,-45.654296875
14936.75,-40.71044921875
14950.875,-34.48486328125
14965.0,-0.79345703125
14979.125,-26.30615234375
14993.25,-25.0244140625
15007.375,-26.0009765625
15021.5,-32.958984375
15035.625,-36.92626953125
15049.75,-40.10009765625
15063.875,-41.259765625
15078,-39.12353515625
15088.625,-37.29248046875
15099.25,-35.70556640625
15109.875,-33.75244140625
15120.5,-33.87451171875
15131.125,-33.75244140625
15141.75,-35.94970703125
15152.375,-38.0859375
15163.0,-0.79345703125
15173.625,-40.0390625
15184.25,-42.6025390625
15194.875,-42.54150390625
15205.5,-41.9921875
15216.125,-41.015625
15226.75,-40.1611328125
15237.375,-41.44287109375
15248,-45.71533203125
15262.0,-58.9599609375
15276.0,-63.5986328125
15290.0,-68.29833984375
15304.0,-73.66943359375
15318.0,-87.0361328125
15332.0,-97.0458984375
15346.0,-105.5908203125
15360.0,-0.79345703125
15374.0,-113.525390625
15388.0,-111.14501953125
15402.0,-106.01806640625
15416.0,-106.201171875
15430.0,-102.84423828125
15444.0,-100.03662109375
15458.0,-101.74560546875
15472,-97.0458984375
15479.0,-90.39306640625
15486.0,-79.9560546875
15493.0,-59.4482421875
15500.0,-46.69189453125
15507.0,-32.16552734375
15514.0,-15.19775390625
15521.0,-8.6669921875
15528.0,-0.79345703125
15535.0,-1.15966796875
15542.0,13.97705078125
15549.0,17.4560546875
15556.0,17.9443359375
15563.0,16.41845703125
15570.0,7.87353515625
15577.0,2.9296875
15584,-0.06103515625
15594.5625,-2.0751953125
15605.125,-2.38037109375
15615.6875,-3.0517578125
15626.25,-3.90625
15636.8125,-5.859375
15647.375,-6.04248046875
15657.9375,-4.2724609375
15668.5,-0.79345703125
15679.0625,2.0751953125
15689.625,6.591796875
15700.1875,10.8642578125
15710.75,18.4326171875
15721.3125,20.93505859375
15731.875,23.01025390625
15742.4375,22.5830078125
15753,20.44677734375
15767.0625,18.24951171875
15781.125,16.357421875
15795.1875,12.20703125
15809.25,9.70458984375
15823.3125,8.9111328125
15837.375,10.92529296875
15851.4375,12.39013671875
15865.5,-0.79345703125
15879.5625,13.24462890625
15893.625,11.65771484375
15907.6875,12.8173828125
15921.75,15.44189453125
15935.8125,14.5263671875
15949.875,2.197265625
15963.9375,-2.62451171875
15978,-6.16455078125
15985.0,-9.58251953125
15992.0,-10.7421875
15999.0,-13.24462890625
16006.0,-18.12744140625
16013.0,-32.470703125
16020.0,-40.283203125
16027.0,-48.27880859375
16034.0,-0.79345703125
16041.0,-61.8896484375
16048.0,-66.650390625
16055.0,-69.27490234375
16062.0,-71.533203125
16069.0,-74.89013671875
16076.0,-80.322265625
16083.0,-78.7353515625
16090,-62.43896484375
16100.625,-63.8427734375
16111.25,-72.69287109375
16121.875,-57.0068359375
16132.5,-48.7060546875
16143.125,-45.2880859375
16153.75,-42.66357421875
16164.375,-48.15673828125
16175.0,-0.79345703125
16185.625,-54.931640625
16196.25,-44.37255859375
16206.875,-35.70556640625
16217.5,-31.73828125
16228.125,-30.57861328125
16238.75,-26.9775390625
16249.375,-29.96826171875
16260,-35.33935546875
16270.5,-44.37255859375
16281.0,-41.259765625
16291.5,-33.935546875
16302.0,-26.06201171875
16312.5,-18.73779296875
16323.0,-18.73779296875
16333.5,-18.1884765625
16344.0,-0.79345703125
16354.5,-22.0947265625
16365.0,-31.31103515625
16375.5,-43.8232421875
16386.0,-43.45703125
16396.5,-32.53173828125
16407.0,-24.47509765625
16417.5,-20.08056640625
16428,-20.20263671875
16438.5625,-20.263671875
16449.125,-20.44677734375
16459.6875,-20.01953125
16470.25,-18.798828125
16480.8125,-17.08984375
16491.375,-17.15087890625
16501.9375,-18.4326171875
16512.5,-0.79345703125
16523.0625,-17.578125
16533.625,-11.8408203125
16544.1875,-8.60595703125
16554.75,-5.2490234375
16565.3125,-2.38037109375
16575.875,-0.06103515625
16586.4375,-1.40380859375
16597,-4.150390625
16607.5625,-2.5634765625
16618.125,0.1220703125
16628.6875,2.685546875
16639.25,2.685546875
16649.8125,-5.18798828125
16660.375,-11.65771484375
16670.9375,-17.15087890625
16681.5,-0.79345703125
16692.0625,-23.681640625
16702.625,-26.9775390625
16713.1875,-29.78515625
16723.75,-34.5458984375
16734.3125,-35.94970703125
16744.875,-37.59765625
16755.4375,-44.921875
16766,-48.76708984375
16776.75,-51.513671875
16787.5,-53.40576171875
16798.25,-55.84716796875
16809.0,-57.92236328125
16819.75,-59.5703125
16830.5,-66.7724609375
16841.25,-68.78662109375
16852.0,-0.79345703125
16862.75,-67.32177734375
16873.5,-75.13427734375
16884.25,-84.77783203125
16895.0,-93.44482421875
16905.75,-98.6328125
16916.5,-104.06494140625
16927.25,-107.60498046875
16938,-109.92431640625
16948.3125,-112.24365234375
16958.625,-113.28125
16968.9375,-117.431640625
16979.25,-122.55859375
16989.5625,-128.23486328125
16999.875,-128.90625
17010.1875,-128.90625
17020.5,-0.79345703125
17030.8125,-133.48388671875
17041.125,-133.72802734375
17051.4375,-120.17822265625
17061.75,-10.986328125
17072.0625,46.5087890625
17082.375,86.9140625
17092.6875,103.271484375
17103,78.4912109375
17113.5625,48.583984375
17124.125,31.67724609375
17134.6875,56.884765625
17145.25,84.89990234375
17155.8125,109.86328125
17166.375,130.0048828125
17176.9375,129.33349609375
17187.5,-0.79345703125
17198.0625,127.62451171875
17208.625,134.94873046875
17219.1875,145.5078125
17229.75,158.14208984375
17240.3125,171.69189453125
17250.875,188.90380859375
17261.4375,188.65966796875
17272,183.349609375
17282.5,167.6025390625
17293.0,162.17041015625
17303.5,160.21728515625
17314.0,161.0107421875
17324.5,165.6494140625
17335.0,167.17529296875
17345.5,169.61669921875
17356.0,-0.79345703125
17366.5,173.7060546875
17377.0,172.54638671875
17387.5,169.61669921875
17398.0,162.90283203125
17408.5,153.3203125
17419.0,135.31494140625
17429.5,86.60888671875
17440,66.46728515625
17454.25,46.9970703125
17468.5,24.35302734375
17482.75,-25.5126953125
17497.0,-45.59326171875
17511.25,-59.26513671875
17525.5,-83.984375
17539.75,-95.15380859375
17554.0,-0.79345703125
17568.25,-95.21484375
17582.5,32.40966796875
17596.75,60.72998046875
17611.0,28.564453125
17625.25,-17.9443359375
17639.5,-156.005859375
17653.75,-175.29296875
17668,-144.4091796875
17675.0,-83.8623046875
17682.0,-72.08251953125
17689.0,-63.17138671875
17696.0,-49.31640625
17703.0,-29.72412109375
17710.0,-21.78955078125
17717.0,-15.2587890625
17724.0,-0.79345703125
17731.0,-19.04296875
17738.0,-28.99169921875
17745.0,-38.87939453125
17752.0,-49.31640625
17759.0,-48.40087890625
17766.0,-43.15185546875
17773.0,-25.5126953125
17780,-16.6015625
17790.5,-9.94873046875
17801.0,-5.31005859375
17811.5,-2.44140625
17822.0,-3.5400390625
17832.5,-6.40869140625
17843.0,-15.7470703125
17853.5,-19.71435546875
17864.0,-0.79345703125
17874.5,-21.8505859375
17885.0,-17.333984375
17895.5,-11.29150390625
17906.0,-5.37109375
17916.5,-1.64794921875
17927.0,-0.732421875
17937.5,-2.9296875
17948,-5.7373046875
17958.6875,-8.056640625
17969.375,-5.79833984375
17980.0625,-2.50244140625
17990.75,15.44189453125
18001.4375,-0.79345703125
18012.125,-3.7841796875
18022.8125,-9.58251953125
18033.5,-0.79345703125
18044.1875,-19.34814453125
18054.875,-21.1181640625
18065.5625,-22.0947265625
18076.25,-25.08544921875
18086.9375,-28.99169921875
18097.625,-33.935546875
18108.3125,-44.37255859375
18119,-47.7294921875
18125.875,-49.62158203125
18132.75,-51.08642578125
18139.625,-53.955078125
18146.5,-56.09130859375
18153.375,-57.861328125
18160.25,-59.38720703125
18167.125,-58.7158203125
18174.0,-0.79345703125
18180.875,-58.89892578125
18187.75,-56.7626953125
18194.625,-55.23681640625
18201.5,-54.19921875
18208.375,-61.46240234375
18215.25,-72.93701171875
18222.125,-75.927734375
18229,-81.9091796875
18239.625,-92.041015625
18250.25,-99.365234375
18260.875,-105.65185546875
18271.5,-109.43603515625
18282.125,-110.107421875
18292.75,-113.1591796875
18303.375,-115.1123046875
18314.0,-0.79345703125
18324.625,-108.45947265625
18335.25,-101.25732421875
18345.875,-96.19140625
18356.5,-133.36181640625
18367.125,-162.53662109375
18377.75,-169.189453125
18388.375,-96.5576171875
18399,183.837890625
18416.5625,187.3779296875
18434.125,191.83349609375
18451.6875,198.30322265625
18469.25,207.51953125
18486.8125,207.58056640625
18504.375,207.03125
18521.9375,207.58056640625
18539.5,-0.79345703125
18557.0625,205.13916015625
18574.625,204.77294921875
18592.1875,205.38330078125
18609.75,199.462890625
18627.3125,195.37353515625
18644.875,190.673828125
18662.4375,162.9638671875
18680,136.65771484375
18694.125,111.328125
18708.25,92.6513671875
18722.375,58.77685546875
18736.5,32.2265625
18750.625,0.42724609375
18764.75,-55.96923828125
18778.875,-76.66015625
18793.0,-0.79345703125
18807.125,-91.49169921875
18821.25,-32.8369140625
18835.375,26.0009765625
18849.5,11.90185546875
18863.625,-55.2978515625
18877.75,-176.57470703125
18891.875,-194.27490234375
18906,-162.7197265625
18916.375,-101.13525390625
18926.75,-91.61376953125
18937.125,-83.984375
18947.5,-53.89404296875
18957.875,-37.59765625
18968.25,-21.6064453125
18978.625,-8.60595703125
18989.0,-0.79345703125
18999.375,-0.732421875
19009.75,-9.27734375
19020.125,-24.169921875
19030.5,-50.10986328125
19040.875,-55.2978515625
19051.25,-53.7109375
19061.625,-30.6396484375
19072,-14.95361328125
19082.5625,-2.44140625
19093.125,5.7373046875
19103.6875,8.85009765625
19114.25,2.50244140625
19124.8125,-6.65283203125
19135.375,-24.96337890625
19145.9375,-28.6865234375
19156.5,-0.79345703125
19167.0625,-28.50341796875
19177.625,-19.10400390625
19188.1875,-12.51220703125
19198.75,-6.16455078125
19209.3125,-2.01416015625
19219.875,-3.84521484375
19230.4375,-9.6435546875
19241,-16.2353515625
19251.5625,-23.3154296875
19262.125,-24.5361328125
19272.6875,-24.35302734375
19283.25,-21.97265625
19293.8125,-20.81298828125
19304.375,-20.5078125
19314.9375,-20.99609375
19325.5,-0.79345703125
19336.0625,-22.94921875
19346.625,-24.59716796875
19357.1875,-29.1748046875
19367.75,-40.22216796875
19378.3125,-44.0673828125
19388.875,-45.7763671875
19399.4375,-48.40087890625
19410,-50.84228515625
19424.0625,-54.8095703125
19438.125,-58.59375
19452.1875,-60.24169921875
19466.25,-58.53271484375
19480.3125,-57.7392578125
19494.375,-61.21826171875
19508.4375,-64.0869140625
19522.5,-0.79345703125
19536.5625,-65.85693359375
19550.625,-65.00244140625
19564.6875,-64.88037109375
19578.75,-72.021484375
19592.8125,-76.5380859375
19606.875,-79.16259765625
19620.9375,-80.26123046875
19635,-82.51953125
19642.0625,-92.22412109375
19649.125,-96.0693359375
19656.1875,-97.412109375
19663.25,-95.52001953125
19670.3125,-94.8486328125
19677.375,-92.8955078125
19684.4375,-90.14892578125
19691.5,-0.79345703125
19698.5625,-82.09228515625
19705.625,-79.04052734375
19712.6875,-81.23779296875
19719.75,-117.67578125
19726.8125,-137.5732421875
19733.875,-139.2822265625
19740.9375,-78.9794921875
19748,-38.75732421875
19758.4375,-9.1552734375
19768.875,10.6201171875
19779.3125,39.97802734375
19789.75,49.86572265625
19800.1875,55.96923828125
19810.625,70.00732421875
19821.0625,80.50537109375
19831.5,-0.79345703125
19841.9375,91.36962890625
19852.375,114.8681640625
19862.8125,121.58203125
19873.25,125.79345703125
19883.6875,129.69970703125
19894.125,139.83154296875
19904.5625,145.751953125
19915,152.40478515625
19925.6875,165.0390625
19936.375,170.0439453125
19947.0625,174.01123046875
19957.75,183.04443359375
19968.4375,189.5751953125
19979.125,196.59423828125
19989.8125,202.1484375
20000.5,-0.79345703125
20011.1875,213.07373046875
20021.875,217.59033203125
20032.5625,218.6279296875
20043.25,201.84326171875
20053.9375,187.8662109375
20064.625,174.37744140625
20075.3125,152.03857421875
20086,140.93017578125
20096.5625,128.7841796875
20107.125,110.77880859375
20117.6875,58.59375
20128.25,34.912109375
20138.8125,14.892578125
20149.375,-26.55029296875
20159.9375,-55.5419921875
20170.5,-0.79345703125
20181.0625,-86.85302734375
20191.625,-143.24951171875
20202.1875,-158.38623046875
20212.75,-146.3623046875
20223.3125,-84.8388671875
20233.875,15.9912109375
20244.4375,-39.6728515625
20255,-101.37939453125
20265.5625,-184.814453125
20276.125,-184.08203125
20286.6875,-158.26416015625
20297.25,-86.181640625
20307.8125,-56.396484375
20318.375,-33.8134765625
20328.9375,-20.69091796875
20339.5,-0.79345703125
20350.0625,-11.23046875
20360.625,-14.83154296875
20371.1875,-26.18408203125
20381.75,-51.08642578125
20392.3125,-59.9365234375
20402.875,-63.41552734375
20413.4375,-50.72021484375
20424,-38.51318359375
20434.4375,-26.0009765625
20444.875,-15.625
20455.3125,-7.99560546875
20465.75,-9.33837890625
20476.1875,-11.962890625
20486.625,-12.3291015625
20497.0625,-9.58251953125
20507.5,-0.79345703125
20517.9375,-6.53076171875
20528.375,-6.28662109375
20538.8125,-9.21630859375
20549.25,-13.3056640625
20559.6875,-16.9677734375
20570.125,-19.59228515625
20580.5625,-18.6767578125
20591,-16.7236328125
20601.5625,-10.1318359375
20612.125,-6.9580078125
20622.6875,-5.06591796875
20633.25,-7.99560546875
20643.8125,-11.23046875
20654.375,-13.73291015625
20664.9375,-15.2587890625
20675.5,-0.79345703125
20686.0625,-14.58740234375
20696.625,-14.16015625
20707.1875,-14.892578125
20717.75,-20.08056640625
20728.3125,-24.59716796875
20738.875,-28.38134765625
20749.4375,-37.4755859375
20760,-44.37255859375
20770.5625,-52.42919921875
20781.125,-60.4248046875
20791.6875,-68.603515625
20802.25,-69.3359375
20812.8125,-69.27490234375
20823.375,-69.4580078125
20833.9375,-70.73974609375
20844.5,-0.79345703125
20855.0625,-71.77734375
20865.625,-72.6318359375
20876.1875,-72.3876953125
20886.75,-69.9462890625
20897.3125,-76.96533203125
20907.875,-75.74462890625
20918.4375,-72.75390625
20929,-81.48193359375
20943.0625,-98.7548828125
20957.125,-102.23388671875
20971.1875,-99.365234375
20985.25,-87.646484375
20999.3125,-85.693359375
21013.375,-89.2333984375
21027.4375,-95.64208984375
21041.5,-95.8251953125
21055.5625,-92.71240234375
21069.625,-94.05517578125
21083.6875,-108.33740234375
21097.75,-114.80712890625
21111.8125,-118.59130859375
21125.875,-124.0234375
21139.9375,-151.123046875
21154,-158.203125
21161.125,-147.705078125
21168.25,-80.13916015625
21175.375,-42.29736328125
21182.5,-14.5263671875
21189.625,2.13623046875
21196.75,15.625
21203.875,17.08984375
21211.0,-95.8251953125
21218.125,19.6533203125
21225.25,34.72900390625
21232.375,48.15673828125
21239.5,60.9130859375
21246.625,83.55712890625
21253.75,90.88134765625
21260.875,96.8017578125
21268,187.56103515625
21282.0625,167.724609375
21296.125,124.81689453125
21310.1875,103.8818359375
21324.25,85.693359375
21338.3125,64.51416015625
21352.375,11.8408203125
21366.4375,-5.4931640625
21380.5,-95.8251953125
21394.5625,-15.44189453125
21408.625,-43.15185546875
21422.6875,-65.91796875
21436.75,-92.041015625
21450.8125,-125.06103515625
21464.875,-82.275390625
21478.9375,8.30078125
21493,-67.93212890625
21507.0,-127.01416015625
21521.0,-163.4521484375
21535.0,-176.3916015625
21549.0,-109.619140625
21563.0,-77.0263671875
21577.0,-72.08251953125
21591.0,-83.43505859375
21605.0,-95.8251953125
21619.0,-80.74951171875
21633.0,-68.90869140625
21647.0,-27.7099609375
21661.0,-10.1318359375
21675.0,-1.220703125
21689.0,0.06103515625
21703.0,-18.1884765625
21717,-32.958984375
21727.5625,-45.8984375
21738.125,-58.2275390625
21748.6875,-58.16650390625
21759.25,-54.0771484375
21769.8125,-46.38671875
21780.375,-24.4140625
21790.9375,-13.00048828125
21801.5,-95.8251953125
21812.0625,-3.7841796875
21822.625,5.37109375
21833.1875,5.4931640625
21843.75,2.62451171875
21854.3125,-10.43701171875
21864.875,-18.5546875
21875.4375,-25.81787109375
21886,-31.25
21896.625,-28.86962890625
21907.25,-22.94921875
21917.875,-14.70947265625
21928.5,-0.30517578125
21939.125,3.0517578125
21949.75,4.150390625
21960.375,-4.5166015625
21971.0,-95.8251953125
21981.625,-12.5732421875
21992.25,-17.7001953125
22002.875,-12.3291015625
22013.5,-4.57763671875
22024.125,2.01416015625
22034.75,5.615234375
22045.375,-0.6103515625
22056,-73.18115234375
22077.0,-69.15283203125
22098.0,-63.8427734375
22119.0,-65.4296875
22140.0,-83.8623046875
22161.0,-91.12548828125
22182.0,-95.52001953125
22203.0,-95.64208984375
22224.0,-95.8251953125
22245.0,-96.86279296875
22266.0,-101.1962890625
22287.0,-113.46435546875
22308.0,-119.44580078125
22329.0,-122.00927734375
22350.0,-122.802734375
22371.0,-114.1357421875
22392,-106.3232421875
22402.5625,-100.830078125
22413.125,-106.689453125
22423.6875,-124.267578125
22434.25,-136.53564453125
22444.8125,-128.41796875
22455.375,-43.701171875
22465.9375,4.69970703125
22476.5,-95.8251953125
22487.0625,41.07666015625
22497.625,75.86669921875
22508.1875,77.81982421875
22518.75,75.13427734375
22529.3125,74.15771484375
22539.875,80.6884765625
22550.4375,92.22412109375
22561,115.29541015625
22571.5625,121.7041015625
22582.125,125.1220703125
22592.6875,128.60107421875
22603.25,139.7705078125
22613.8125,148.01025390625
22624.375,156.55517578125
22634.9375,171.56982421875
22645.5,-95.8251953125
22656.0625,177.42919921875
22666.625,182.92236328125
22677.1875,190.49072265625
22687.75,193.7255859375
22698.3125,197.08251953125
22708.875,201.47705078125
22719.4375,213.19580078125
22730,214.4775390625
22744.4375,213.37890625
22758.875,208.55712890625
22773.3125,205.01708984375
22787.75,197.93701171875
22802.1875,187.744140625
22816.625,152.64892578125
22831.0625,128.23486328125
22845.5,-95.8251953125
22859.9375,104.3701171875
22874.375,69.15283203125
22888.8125,52.001953125
22903.25,31.25
22917.6875,-16.17431640625
22932.125,-38.4521484375
22946.5625,-57.861328125
22961,-92.59033203125
22967.625,-107.5439453125
22974.25,-91.9189453125
22980.875,-5.06591796875
22987.5,-41.1376953125
22994.125,-142.7001953125
23000.75,-194.88525390625
23007.375,-206.6650390625
23014.0,-95.8251953125
23020.625,-146.484375
23027.25,-98.93798828125
23033.875,-86.42578125
23040.5,-83.740234375
23047.125,-70.4345703125
23053.75,-51.94091796875
23060.375,-26.42822265625
23067,-17.76123046875
23077.625,-11.71875
23088.25,-16.4794921875
23098.875,-27.03857421875
23109.5,-39.36767578125
23120.125,-50.6591796875
23130.75,-57.861328125
23141.375,-51.20849609375
23152.0,-95.8251953125
23162.625,-39.55078125
23173.25,-10.43701171875
23183.875,-0.732421875
23194.5,5.31005859375
23205.125,6.103515625
23215.75,-0.06103515625
23226.375,-9.70458984375
23237,-32.53173828125
23247.4375,-40.1611328125
23257.875,-42.17529296875
23268.3125,-38.02490234375
23278.75,-21.05712890625
23289.1875,-15.5029296875
23299.625,-14.6484375
23310.0625,-23.62060546875
23320.5,-95.8251953125
23330.9375,-30.82275390625
23341.375,-36.19384765625
23351.8125,-36.80419921875
23362.25,-33.447265625
23372.6875,-29.1748046875
23383.125,-25.93994140625
23393.5625,-23.0712890625
23404,-23.4375
23414.5625,-23.681640625
23425.125,-24.96337890625
23435.6875,-25.146484375
23446.25,-25.634765625
23456.8125,-27.28271484375
23467.375,-31.6162109375
23477.9375,-33.935546875
23488.5,-95.8251953125
23499.0625,-36.376953125
23509.625,-40.52734375
23520.1875,-41.19873046875
23530.75,-41.68701171875
23541.3125,-43.64013671875
23551.875,-45.71533203125
23562.4375,-47.7294921875
23573,-46.0205078125
23587.0625,-46.08154296875
23601.125,-46.08154296875
23615.1875,-46.56982421875
23629.25,-62.3779296875
23643.3125,-62.68310546875
23657.375,-64.8193359375
23671.4375,-71.35009765625
23685.5,-95.8251953125
23699.5625,-78.857421875
23713.625,-87.2802734375
23727.6875,-97.5341796875
23741.75,-97.7783203125
23755.8125,-97.22900390625
23769.875,-95.947265625
23783.9375,-97.5341796875
23798,114.80712890625
23815.625,124.45068359375
23833.25,133.1787109375
23850.875,141.7236328125
23868.5,155.45654296875
23886.125,162.17041015625
23903.75,169.5556640625
23921.375,185.97412109375
23939.0,-95.8251953125
23956.625,193.359375
23974.25,200.439453125
23991.875,212.890625
24009.5,216.9189453125
24027.125,219.17724609375
24044.75,220.15380859375
24062.375,222.2900390625
24080,219.482421875
24090.625,209.77783203125
24101.25,191.22314453125
24111.875,186.767578125
24122.5,181.5185546875
24133.125,173.095703125
24143.75,145.01953125
24154.375,128.2958984375
24165.0,-95.8251953125
24175.625,109.80224609375
24186.25,67.87109375
24196.875,48.27880859375
24207.5,30.21240234375
24218.125,-12.87841796875
24228.75,-40.1611328125
24239.375,-67.626953125
24250,-97.96142578125
24263.9375,-57.2509765625
24277.875,-7.50732421875
24291.8125,-41.56494140625
24305.75,-152.28271484375
24319.6875,-176.8798828125
24333.625,-178.64990234375
24347.5625,-121.88720703125
24361.5,-95.8251953125
24375.4375,-103.82080078125
24389.375,-98.32763671875
24403.3125,-91.36962890625
24417.25,-73.73046875
24431.1875,-52.79541015625
24445.125,-33.935546875
24459.0625,-4.0283203125
24473,3.662109375
24480.0,4.69970703125
24487.0,-16.90673828125
24494.0,-33.63037109375
24501.0,-48.095703125
24508.0,-57.67822265625
24515.0,-55.72509765625
24522.0,-45.0439453125
24529.0,-95.8251953125
24536.0,-31.005859375
24543.0,-4.94384765625
24550.0,2.685546875
24557.0,6.89697265625
24564.0,4.94384765625
24571.0,0.30517578125
24578.0,-6.53076171875
24585,-25.390625
24595.625,-31.982421875
24606.25,-34.36279296875
24616.875,-31.6162109375
24627.5,-14.83154296875
24638.125,-5.37109375
24648.75,0.48828125
24659.375,3.173828125
24670.0,-95.8251953125
24680.625,-0.79345703125
24691.25,-7.4462890625
24701.875,-18.98193359375
24712.5,-18.798828125
24723.125,-15.380859375
24733.75,-10.55908203125
24744.375,-7.568359375
24755,-11.90185546875
24765.625,-18.9208984375
24776.25,-33.63037109375
24786.875,-39.48974609375
24797.5,-43.39599609375
24808.125,-45.83740234375
24818.75,-51.26953125
24829.375,-54.01611328125
24840.0,-95.8251953125
24850.625,-56.7626953125
24861.25,-61.767578125
24871.875,-64.0869140625
24882.5,-64.63623046875
24893.125,-63.232421875
24903.75,-62.6220703125
24914.375,-62.744140625
24925,-70.556640625
24935.5625,-68.7255859375
24946.125,-70.80078125
24956.6875,-77.7587890625
24967.25,-94.90966796875
24977.8125,-102.60009765625
24988.375,-107.60498046875
24998.9375,-109.619140625
25009.5,-95.8251953125
25020.0625,-111.51123046875
25030.625,-115.05126953125
25041.1875,-124.51171875
25051.75,-125.3662109375
25062.3125,-121.15478515625
25072.875,-110.7177734375
25083.4375,-89.599609375
25094,-88.0126953125
25100.9375,-98.14453125
25107.875,-126.28173828125
25114.8125,-111.9384765625
25121.75,-70.80078125
25128.6875,46.630859375
25135.625,64.3310546875
25142.5625,86.3037109375
25149.5,-95.8251953125
25156.4375,99.91455078125
25163.375,104.18701171875
25170.3125,101.1962890625
25177.25,99.91455078125
25184.1875,113.09814453125
25191.125,127.62451171875
25198.0625,144.10400390625
25205,169.25048828125
25215.5,178.89404296875
25226.0,186.4013671875
25236.5,192.138671875
25247.0,202.57568359375
25257.5,208.06884765625
25268.0,213.92822265625
25278.5,221.86279296875
25289.0,-95.8251953125
25299.5,223.9990234375
25310.0,224.54833984375
25320.5,221.435546875
25331.0,213.92822265625
25341.5,204.77294921875
25352.0,199.5849609375
25362.5,197.8759765625
25373,194.76318359375
25387.25,187.80517578125
25401.5,163.57421875
25415.75,148.0712890625
25430.0,129.8828125
25444.25,80.62744140625
25458.5,69.03076171875
25472.75,44.43359375
25487.0,-95.8251953125
25501.25,-12.26806640625
25515.5,-34.0576171875
25529.75,-59.9365234375
25544.0,-84.3505859375
25558.25,-117.49267578125
25572.5,-60.791015625
25586.75,42.48046875
25601,-108.88671875
25607.875,-196.2890625
25614.75,-244.62890625
25621.625,-244.20166015625
25628.5,-126.8310546875
25635.375,-101.07421875
25642.25,-92.6513671875
25649.125,-75.68359375
25656.0,-95.8251953125
25662.875,-56.0302734375
25669.75,-40.34423828125
25676.625,-21.66748046875
25683.5,-11.53564453125
25690.375,-4.82177734375
25697.25,-5.31005859375
25704.125,-28.4423828125
25711,-45.8984375
25721.5625,-61.21826171875
25732.125,-68.05419921875
25742.6875,-57.7392578125
25753.25,-41.1376953125
25763.8125,-7.080078125
25774.375,3.96728515625
25784.9375,10.68115234375
25795.5,-95.8251953125
25806.0625,11.71875
25816.625,-0.1220703125
25827.1875,-9.58251953125
25837.75,-20.32470703125
25848.3125,-37.04833984375
25858.875,-39.4287109375
25869.4375,-36.1328125
25880,-13.61083984375
25890.625,-0.732421875
25901.25,8.4228515625
25911.875,12.6953125
25922.5,3.96728515625
25933.125,-7.9345703125
25943.75,-16.41845703125
25954.375,-15.93017578125
25965.0,-95.8251953125
25975.625,-9.6435546875
25986.25,-2.38037109375
25996.875,1.953125
26007.5,-1.89208984375
26018.125,-8.1787109375
26028.75,-15.380859375
26039.375,-28.076171875
26050,-33.02001953125
26060.5625,-38.39111328125
26071.125,-52.001953125
26081.6875,-58.77685546875
26092.25,-64.75830078125
26102.8125,-76.2939453125
26113.375,-80.6884765625
26123.9375,-82.8857421875
26134.5,-95.8251953125
26145.0625,-81.35986328125
26155.625,-79.65087890625
26166.1875,-77.69775390625
26176.75,-81.97021484375
26187.3125,-86.669921875
26197.875,-87.34130859375
26208.4375,-92.22412109375
26219,-42.54150390625
26236.5625,17.63916015625
26254.125,110.41259765625
26271.6875,132.568359375
26289.25,142.27294921875
26306.8125,135.68115234375
26324.375,130.126953125
26341.9375,127.74658203125
26359.5,-95.8251953125
26377.0625,138.3056640625
26394.625,149.4140625
26412.1875,159.912109375
26429.75,168.9453125
26447.3125,183.59375
26464.875,188.5986328125
26482.4375,192.9931640625
26500,204.04052734375
26514.0,210.5712890625
26528.0,216.24755859375
26542.0,220.03173828125
26556.0,222.47314453125
26570.0,224.18212890625
26584.0,226.806640625
26598.0,224.54833984375
26612.0,-95.8251953125
26626.0,220.52001953125
26640.0,218.505859375
26654.0,217.8955078125
26668.0,215.8203125
26682.0,210.205078125
26696.0,198.54736328125
26710.0,155.70068359375
26724,125.79345703125
26734.5625,95.76416015625
26745.125,53.8330078125
26755.6875,36.2548828125
26766.25,11.65771484375
26776.8125,-54.443359375
26787.375,-83.1298828125
26797.9375,-108.2763671875
26808.5,-95.8251953125
26819.0625,-149.169921875
26829.625,-113.95263671875
26840.1875,20.751953125
26850.75,69.580078125
26861.3125,-145.3857421875
26871.875,-214.111328125
26882.4375,-257.080078125
26893,-173.76708984375
26903.5625,-128.5400390625
26914.125,-106.01806640625
26924.6875,-84.716796875
26935.25,-41.015625
26945.8125,-23.62060546875
26956.375,-14.22119140625
26966.9375,-6.04248046875
26977.5,-95.8251953125
26988.0625,-6.591796875
26998.625,-13.0615234375
27009.1875,-34.85107421875
27019.75,-45.59326171875
27030.3125,-52.91748046875
27040.875,-54.6875
27051.4375,-38.51318359375
27062,-22.52197265625
27072.5625,-6.04248046875
27083.125,17.822265625
27093.6875,21.3623046875
27104.25,18.85986328125
27114.8125,3.41796875
27125.375,-6.9580078125
27135.9375,-18.98193359375
27146.5,-95.8251953125
27157.0625,-27.52685546875
27167.625,-17.2119140625
27178.1875,-1.03759765625
27188.75,14.70947265625
27199.3125,28.80859375
27209.875,23.74267578125
27220.4375,13.12255859375
27231,-4.0283203125
27241.5625,-5.0048828125
27252.125,-1.708984375
27262.6875,3.2958984375
27273.25,6.9580078125
27283.8125,2.685546875
27294.375,-3.5400390625
27304.9375,-16.41845703125
27315.5,-95.8251953125
27326.0625,-20.3857421875
27336.625,-23.3154296875
27347.1875,-30.21240234375
27357.75,-36.1328125
27368.3125,-43.64013671875
27378.875,-51.08642578125
27389.4375,-64.88037109375
27400,-68.9697265625
27410.5,-70.6787109375
27421.0,-74.8291015625
27431.5,-77.2705078125
27442.0,-79.16259765625
27452.5,-79.04052734375
27463.0,-75.98876953125
27473.5,-71.71630859375
27484.0,-95.8251953125
27494.5,-77.392578125
27505.0,-75.927734375
27515.5,-73.54736328125
27526.0,-76.2939453125
27536.5,-88.92822265625
27547.0,-99.12109375
27557.5,-110.65673828125
27568,-118.896484375
27578.5625,-117.61474609375
27589.125,-115.8447265625
27599.6875,-115.66162109375
27610.25,-120.17822265625
27620.8125,-121.4599609375
27631.375,-120.78857421875
27641.9375,-109.86328125
27652.5,-95.8251953125
27663.0625,-99.9755859375
27673.625,-91.61376953125
27684.1875,-92.7734375
27694.75,-108.45947265625
27705.3125,-116.2109375
27715.875,-99.54833984375
27726.4375,1.708984375
27737,60.36376953125
27747.5,104.6142578125
27758.0,141.4794921875
27768.5,140.625
27779.0,135.43701171875
27789.5,123.47412109375
27800.0,125.3662109375
27810.5,133.36181640625
27821.0,-95.8251953125
27831.5,157.89794921875
27842.0,167.236328125
27852.5,174.9267578125
27863.0,181.09130859375
27873.5,194.9462890625
27884.0,202.45361328125
27894.5,209.228515625
27905,212.58544921875
27915.5625,209.3505859375
27926.125,205.2001953125
27936.6875,202.94189453125
27947.25,200.5615234375
27957.8125,194.88525390625
27968.375,186.279296875
27978.9375,172.42431640625
27989.5,-95.8251953125
28000.0625,168.51806640625
28010.625,164.48974609375
28021.1875,155.517578125
28031.75,150.0244140625
28042.3125,143.12744140625
28052.875,131.28662109375
28063.4375,85.3271484375
28074,-64.453125
28098.5625,-50.10986328125
28123.125,-3.60107421875
28147.6875,14.5263671875
28172.25,25.146484375
28196.8125,19.47021484375
28221.375,6.8359375
28245.9375,-6.7138671875
28270.5,-95.8251953125
28295.0625,-29.11376953125
28319.625,-32.3486328125
28344.1875,-27.40478515625
28368.75,-14.95361328125
28393.3125,11.5966796875
28417.875,18.12744140625
28442.4375,19.10400390625
28467,8.4228515625
28481.125,2.9296875
28495.25,1.0986328125
28509.375,2.3193359375
28523.5,11.16943359375
28537.625,15.625
28551.75,16.90673828125
28565.875,10.6201171875
28580.0,-95.8251953125
28594.125,4.7607421875
28608.25,-1.28173828125
28622.375,-12.6953125
28636.5,-18.798828125
28650.625,-24.658203125
28664.75,-46.20361328125
28678.875,-42.17529296875
28693,-46.875
28703.4375,-50.537109375
28713.875,-57.80029296875
28724.3125,-61.34033203125
28734.75,-64.88037109375
28745.1875,-70.86181640625
28755.625,-71.8994140625
28766.0625,-71.8994140625
28776.5,-95.8251953125
28786.9375,-68.29833984375
28797.375,-65.73486328125
28807.8125,-63.53759765625
28818.25,-61.46240234375
28828.6875,-66.95556640625
28839.125,-67.81005859375
28849.5625,-66.5283203125
28860,-72.1435546875
28870.625,-80.38330078125
28881.25,-89.05029296875
28891.875,-95.39794921875
28902.5,-95.52001953125
28913.125,-90.9423828125
28923.75,-88.43994140625
28934.375,-88.68408203125
28945.0,-95.8251953125
28955.625,-91.552734375
28966.25,-90.8203125
28976.875,-82.09228515625
28987.5,-83.19091796875
28998.125,-89.05029296875
29008.75,-116.3330078125
29019.375,-128.2958984375
29030,-124.267578125
29044.25,-100.03662109375
29058.5,-20.99609375
29072.75,14.6484375
29087.0,39.97802734375
29101.25,63.4765625
29115.5,65.85693359375
29129.75,65.673828125
29144.0,-95.8251953125
29158.25,72.20458984375
29172.5,82.6416015625
29186.75,95.947265625
29201.0,107.91015625
29215.25,116.8212890625
29229.5,113.28125
29243.75,106.3232421875
29258,94.6044921875
29264.9375,92.59033203125
29271.875,93.1396484375
29278.8125,95.458984375
29285.75,98.9990234375
29292.6875,97.65625
29299.625,95.458984375
29306.5625,91.6748046875
29313.5,-95.8251953125
29320.4375,92.28515625
29327.375,93.8720703125
29334.3125,100.4638671875
29341.25,103.8818359375
29348.1875,104.06494140625
29355.125,90.51513671875
29362.0625,83.55712890625
29369,77.45361328125
29379.5,71.6552734375
29390.0,58.59375
29400.5,51.8798828125
29411.0,43.9453125
29421.5,33.75244140625
29432.0,34.5458984375
29442.5,37.53662109375
29453.0,-95.8251953125
29463.5,33.5693359375
29474.0,26.79443359375
29484.5,17.02880859375
29495.0,3.35693359375
29505.5,-33.8134765625
29516.0,-53.28369140625
29526.5,-69.27490234375
29537,-91.36962890625
29551.0625,-97.900390625
29565.125,-102.9052734375
29579.1875,-105.65185546875
29593.25,-106.689453125
29607.3125,-106.01806640625
29621.375,-110.29052734375
29635.4375,-70.6787109375
29649.5,-95.8251953125
29663.5625,-62.07275390625
29677.625,-115.8447265625
29691.6875,-105.52978515625
29705.75,-50.537109375
29719.8125,-20.81298828125
29733.875,-37.353515625
29747.9375,-54.6875
29762,-68.29833984375
29769.0625,-70.6787109375
29776.125,-36.31591796875
29783.1875,-12.0849609375
29790.25,5.18798828125
29797.3125,24.90234375
29804.375,29.052734375
29811.4375,23.8037109375
29818.5,-95.8251953125
29825.5625,-9.6435546875
29832.625,-30.57861328125
29839.6875,-48.33984375
29846.75,-57.55615234375
29853.8125,-45.0439453125
29860.875,-28.564453125
29867.9375,-11.41357421875
29875,10.3759765625
29885.5,10.43701171875
29896.0,1.46484375
29906.5,-15.56396484375
29917.0,-62.56103515625
29927.5,-81.1767578125
29938.0,-91.12548828125
29948.5,-82.8857421875
29959.0,-95.8251953125
29969.5,-63.232421875
29980.0,-38.87939453125
29990.5,-15.13671875
30001.0,-20.6298828125
30011.5,-32.71484375
30022.0,-54.3212890625
30032.5,-55.72509765625
30043,-50.537109375
30057.0,-41.015625
30071.0,-19.71435546875
30085.0,-13.00048828125
30099.0,-9.8876953125
30113.0,-11.474609375
30127.0,-13.916015625
30141.0,-15.9912109375
30155.0,-95.8251953125
30169.0,-14.95361328125
30183.0,-12.0849609375
30197.0,-8.60595703125
30211.0,-5.126953125
30225.0,-2.44140625
30239.0,-6.7138671875
30253.0,-15.93017578125
30267,-29.052734375
30274.0625,-28.564453125
30281.125,-23.92578125
30288.1875,-17.39501953125
30295.25,-15.0146484375
30302.3125,-18.98193359375
30309.375,-23.193359375
30316.4375,-20.5078125
30323.5,-95.8251953125
30330.5625,-15.93017578125
30337.625,-10.55908203125
30344.6875,-1.220703125
30351.75,-0.3662109375
30358.8125,-1.77001953125
30365.875,-12.63427734375
30372.9375,-20.1416015625
30380,-26.2451171875
30390.625,-31.494140625
30401.25,-62.3779296875
30411.875,-78.0029296875
30422.5,-87.70751953125
30433.125,-94.6044921875
30443.75,-104.79736328125
30454.375,-119.20166015625
30465.0,-95.8251953125
30475.625,-133.85009765625
30486.25,-133.4228515625
30496.875,-130.31005859375
30507.5,-128.84521484375
30518.125,-135.3759765625
30528.75,-140.869140625
30539.375,-144.6533203125
30550,-153.50341796875
30560.625,-162.41455078125
30571.25,-174.98779296875
30581.875,-187.6220703125
30592.5,-179.8095703125
30603.125,-166.50390625
30613.75,-159.97314453125
30624.375,-157.16552734375
30635.0,-95.8251953125
30645.625,-149.5361328125
30656.25,-133.30078125
30666.875,-76.35498046875
30677.5,-40.283203125
30688.125,-5.79833984375
30698.75,46.9970703125
30709.375,63.17138671875
30720,74.462890625
30730.5,82.1533203125
30741.0,95.64208984375
30751.5,103.1494140625
30762.0,110.41259765625
30772.5,128.84521484375
30783.0,137.5732421875
30793.5,145.08056640625
30804.0,-95.8251953125
30814.5,153.01513671875
30825.0,151.67236328125
30835.5,147.76611328125
30846.0,143.4326171875
30856.5,141.66259765625
30867.0,149.23095703125
30877.5,158.5693359375
30888,-93.26171875
30905.5,-113.22021484375
30923.0,-143.73779296875
30940.5,-154.9072265625
30958.0,-157.04345703125
30975.5,-15.19775390625
30993.0,42.05322265625
31010.5,-3.96728515625
31028.0,-95.8251953125
31045.5,-127.5634765625
31063.0,-173.583984375
31080.5,-170.83740234375
31098.0,-132.26318359375
31115.5,-64.63623046875
31133.0,-64.8193359375
31150.5,-74.40185546875
31168,-82.70263671875
31182.125,-72.08251953125
31196.25,-56.2744140625
31210.375,-39.61181640625
31224.5,-15.80810546875
31238.625,-9.82666015625
31252.75,-10.986328125
31266.875,-32.3486328125
31281.0,-95.8251953125
31295.125,-45.71533203125
31309.25,-55.908203125
31323.375,-58.65478515625
31337.5,-51.3916015625
31351.625,-39.6728515625
31365.75,-11.5966796875
31379.875,-2.38037109375
31394,-9.033203125
31408.0,-11.65771484375
31422.0,-10.25390625
31436.0,-5.92041015625
31450.0,2.86865234375
31464.0,3.662109375
31478.0,0.79345703125
31492.0,-11.962890625
31506.0,-95.8251953125
31520.0,-19.95849609375
31534.0,-26.2451171875
31548.0,-35.0341796875
31562.0,-41.80908203125
31576.0,-49.49951171875
31590.0,-61.767578125
31604.0,-65.185546875
31618,-67.81005859375
31632.125,-69.88525390625
31646.25,-72.93701171875
31660.375,-74.27978515625
31674.5,-74.15771484375
31688.625,-73.79150390625
31702.75,-72.265625
31716.875,-77.1484375
31731.0,-95.8251953125
31745.125,-78.30810546875
31759.25,-82.09228515625
31773.375,-89.66064453125
31787.5,-96.98486328125
31801.625,-110.16845703125
31815.75,-111.99951171875
31829.875,-112.1826171875
31844,-115.3564453125
31857.875,-120.4833984375
31871.75,-126.03759765625
31885.625,-129.69970703125
31899.5,-120.42236328125
31913.375,-111.083984375
31927.25,-102.294921875
31941.125,-95.88623046875
31955.0,-95.8251953125
31968.875,-106.201171875
31982.75,-122.1923828125
31996.625,-91.30859375
32010.5,-35.21728515625
32024.375,30.33447265625
32038.25,117.98095703125
32052.125,134.765625
32066,137.51220703125
32073.1875,133.1787109375
32080.375,123.53515625
32087.5625,125.244140625
32094.75,131.591796875
32101.9375,144.6533203125
32109.125,151.30615234375
32116.3125,158.69140625
32123.5,-95.8251953125
32130.6875,172.42431640625
32137.875,178.5888671875
32145.0625,184.4482421875
32152.25,190.97900390625
32159.4375,201.23291015625
32166.625,205.2001953125
32173.8125,207.58056640625
32181,214.29443359375
32191.75,216.6748046875
32202.5,215.39306640625
32213.25,202.57568359375
32224.0,191.650390625
32234.75,179.87060546875
32245.5,171.81396484375
32256.25,161.31591796875
32267.0,-95.8251953125
32277.75,153.99169921875
32288.5,145.32470703125
32299.25,121.9482421875
32310.0,103.02734375
32320.75,79.1015625
32331.5,37.4755859375
32342.25,25.87890625
32353,17.2119140625
32363.5,6.53076171875
32374.0,-30.029296875
32384.5,-54.50439453125
32395.0,-78.7353515625
32405.5,-117.0654296875
32416.0,-115.41748046875
32426.5,-65.185546875
32437.0,-95.8251953125
32447.5,-49.4384765625
32458.0,-130.43212890625
32468.5,-188.232421875
32479.0,-217.6513671875
32489.5,-155.3955078125
32500.0,-98.388671875
32510.5,-70.86181640625
32521,-72.20458984375
32531.5625,-77.69775390625
32542.125,-80.87158203125
32552.6875,-70.3125
32563.25,-54.0771484375
32573.8125,-36.80419921875
32584.375,-20.3857421875
32594.9375,-3.41796875
32605.5,-95.8251953125
32616.0625,-6.28662109375
32626.625,-16.357421875
32637.1875,-46.20361328125
32647.75,-57.80029296875
32658.3125,-62.19482421875
32668.875,-49.74365234375
32679.4375,-34.423828125
32690,-17.2119140625
32700.375,-2.86865234375
32710.75,10.8642578125
32721.125,10.6201171875
32731.5,5.0048828125
32741.875,-16.2353515625
32752.25,-28.6865234375
32762.625,-38.02490234375
32773.0,-95.8251953125
32783.375,-37.841796875
32793.75,-28.99169921875
32804.125,-17.27294921875
32814.5,-5.615234375
32824.875,5.4931640625
32835.25,4.08935546875
32845.625,-1.15966796875
32856,-17.333984375
32870.0625,-23.0712890625
32884.125,-23.01025390625
32898.1875,-10.986328125
32912.25,-4.21142578125
32926.3125,-0.48828125
32940.375,-0.18310546875
32954.4375,-14.6484375
32968.5,-95.8251953125
32982.5625,-26.2451171875
32996.625,-37.04833984375
33010.6875,-51.6357421875
33024.75,-54.87060546875
33038.8125,-55.2978515625
33052.875,-50.6591796875
33066.9375,-49.49951171875
33081,-99.79248046875
33102.0625,-100.28076171875
33123.125,-99.609375
33144.1875,-87.7685546875
33165.25,-80.87158203125
33186.3125,-75.8056640625
33207.375,-78.30810546875
33228.4375,-111.2060546875
33249.5,-95.8251953125
33270.5625,-119.62890625
33291.625,-100.64697265625
33312.6875,-8.11767578125
33333.75,37.59765625
33354.8125,72.44873046875
33375.875,112.48779296875
33396.9375,116.943359375
33418,116.8212890625
33425.0625,117.0654296875
33432.125,134.6435546875
33439.1875,148.193359375
33446.25,159.36279296875
33453.3125,165.71044921875
33460.375,163.2080078125
33467.4375,160.888671875
33474.5,-95.8251953125
33481.5625,165.46630859375
33488.625,171.93603515625
33495.6875,179.38232421875
33502.75,186.09619140625
33509.8125,193.78662109375
33516.875,194.7021484375
33523.9375,195.3125
33531,199.27978515625
33541.5625,201.23291015625
33552.125,200.5615234375
33562.6875,193.7255859375
33573.25,188.17138671875
33583.8125,182.861328125
33594.375,177.1240234375
33604.9375,168.8232421875
33615.5,-95.8251953125
33626.0625,165.1611328125
33636.625,158.8134765625
33647.1875,125.67138671875
33657.75,95.52001953125
33668.3125,64.51416015625
33678.875,9.033203125
33689.4375,-15.19775390625
33700,-37.841796875
33710.625,-57.7392578125
33721.25,-90.51513671875
33731.875,-107.177734375
33742.5,-120.849609375
33753.125,-30.33447265625
33763.75,51.8798828125
33774.375,9.70458984375
33785.0,-95.8251953125
33795.625,-166.68701171875
33806.25,-229.4921875
33816.875,-263.671875
33827.5,-253.84521484375
33838.125,-141.17431640625
33848.75,-101.318359375
33859.375,-79.40673828125
33870,-68.54248046875
33880.5,-59.99755859375
33891.0,-46.7529296875
33901.5,-14.34326171875
33912.0,8.11767578125
33922.5,25.08544921875
33933.0,27.587890625
33943.5,-5.31005859375
33954.0,-95.8251953125
33964.5,-33.26416015625
33975.0,-59.38720703125
33985.5,-77.2705078125
33996.0,-62.6220703125
34006.5,-36.2548828125
34017.0,15.93017578125
34027.5,32.16552734375
34038,39.85595703125
34048.625,39.0625
34059.25,16.4794921875
34069.875,0.8544921875
34080.5,-14.70947265625
34091.125,-36.376953125
34101.75,-37.04833984375
34112.375,-29.78515625
34123.0,-95.8251953125
34133.625,-0.1220703125
34144.25,12.63427734375
34154.875,18.1884765625
34165.5,15.07568359375
34176.125,-7.38525390625
34186.75,-18.85986328125
34197.375,-25.5126953125
34208,-19.59228515625
34218.5,-11.77978515625
34229.0,-5.67626953125
34239.5,-5.2490234375
34250.0,-12.14599609375
34260.5,-20.69091796875
34271.0,-27.83203125
34281.5,-36.7431640625
34292.0,-95.8251953125
34302.5,-40.6494140625
34313.0,-45.166015625
34323.5,-55.96923828125
34334.0,-59.38720703125
34344.5,-61.09619140625
34355.0,-62.3779296875
34365.5,-62.68310546875
34376,-63.4765625
34386.5625,-64.453125
34397.125,-68.54248046875
34407.6875,-70.00732421875
34418.25,-69.88525390625
34428.8125,-80.4443359375
34439.375,-83.49609375
34449.9375,-82.33642578125
34460.5,-95.8251953125
34471.0625,-91.24755859375
34481.625,-96.98486328125
34492.1875,-106.26220703125
34502.75,-114.31884765625
34513.3125,-119.32373046875
34523.875,-116.14990234375
34534.4375,-113.8916015625
34545,141.17431640625
34562.625,150.45166015625
34580.25,170.654296875
34597.875,177.67333984375
34615.5,183.53271484375
34633.125,194.3359375
34650.75,200.3173828125
34668.375,205.87158203125
34686.0,-95.8251953125
34703.625,213.68408203125
34721.25,214.53857421875
34738.875,214.9658203125
34756.5,215.02685546875
34774.125,215.8203125
34791.75,217.6513671875
34809.375,218.07861328125
34827,205.4443359375
34837.4375,193.84765625
34847.875,180.419921875
34858.3125,149.71923828125
34868.75,133.7890625
34879.1875,118.71337890625
34889.625,105.04150390625
34900.0625,78.0029296875
34910.5,-95.8251953125
34920.9375,61.95068359375
34931.375,46.44775390625
34941.8125,15.9912109375
34952.25,-3.90625
34962.6875,-25.81787109375
34973.125,-67.32177734375
34983.5625,-86.85302734375
34994,-105.04150390625
35008.0625,-116.943359375
35022.125,-30.82275390625
35036.1875,31.31103515625
35050.25,-10.986328125
35064.3125,-165.46630859375
35078.375,-216.552734375
35092.4375,-221.3134765625
35106.5,-95.8251953125
35120.5625,-110.65673828125
35134.625,-71.35009765625
35148.6875,-59.75341796875
35162.75,-62.68310546875
35176.8125,-64.5751953125
35190.875,-57.373046875
35204.9375,-46.56982421875
35219,-9.3994140625
35226.0,11.65771484375
35233.0,24.169921875
35240.0,5.79833984375
35247.0,-15.5029296875
35254.0,-40.10009765625
35261.0,-61.21826171875
35268.0,-76.904296875
35275.0,-95.8251953125
35282.0,-70.12939453125
35289.0,-53.5888671875
35296.0,-5.37109375
35303.0,12.14599609375
35310.0,22.88818359375
35317.0,22.94921875
35324.0,11.962890625
35331,-20.56884765625
35348.625,-26.123046875
35366.25,-32.77587890625
35383.875,-46.142578125
35401.5,-52.18505859375
35419.125,-58.28857421875
35436.75,-63.5986328125
35454.375,-67.68798828125
35472.0,-95.8251953125
35489.625,-67.81005859375
35507.25,-68.359375
35524.875,-71.59423828125
35542.5,-72.32666015625
35560.125,-72.6318359375
35577.75,-73.66943359375
35595.375,-81.0546875
35613,-86.0595703125
35627.0625,-90.33203125
35641.125,-103.1494140625
35655.1875,-108.82568359375
35669.25,-116.76025390625
35683.3125,-129.57763671875
35697.375,-132.080078125
35711.4375,-133.544921875
35725.5,-95.8251953125
35739.5625,-134.46044921875
35753.625,-129.2724609375
35767.6875,-123.9013671875
35781.75,-100.830078125
35795.8125,-99.67041015625
35809.875,-100.15869140625
35823.9375,-116.5771484375
35838,165.46630859375
35855.625,172.54638671875
35873.25,193.84765625
35890.875,204.4677734375
35908.5,212.158203125
35926.125,214.599609375
35943.75,208.80126953125
35961.375,200.50048828125
35979.0,-95.8251953125
35996.625,183.837890625
36014.25,178.28369140625
36031.875,177.1240234375
36049.5,178.3447265625
36067.125,174.9267578125
36084.75,170.654296875
36102.375,166.8701171875
36120,161.2548828125
36137.5625,158.203125
36155.125,153.99169921875
36172.6875,134.521484375
36190.25,117.61474609375
36207.8125,99.609375
36225.375,86.181640625
36242.9375,64.75830078125
36260.5,-95.8251953125
36278.0625,44.61669921875
36295.625,16.17431640625
36313.1875,-40.6494140625
36330.75,-65.91796875
36348.3125,-88.31787109375
36365.875,-125.3662109375
36383.4375,-128.90625
36401,-61.21826171875
36408.0,77.63671875
36415.0,4.45556640625
36422.0,-86.0595703125
36429.0,-164.306640625
36436.0,-201.47705078125
36443.0,-171.2646484375
36450.0,-133.48388671875
36457.0,-95.8251953125
36464.0,-92.10205078125
36471.0,-85.14404296875
36478.0,-79.65087890625
36485.0,-56.33544921875
36492.0,-46.7529296875
36499.0,-40.83251953125
36506.0,-32.40966796875
36513,-15.2587890625
36523.5,-16.2353515625
36534.0,-26.55029296875
36544.5,-62.255859375
36555.0,-73.3642578125
36565.5,-72.20458984375
36576.0,-58.77685546875
36586.5,-11.04736328125
36597.0,-95.8251953125
36607.5,7.38525390625
36618.0,17.15087890625
36628.5,9.82666015625
36639.0,-1.3427734375
36649.5,-13.427734375
36660.0,-32.2265625
36670.5,-32.77587890625
36681,-17.88330078125
36698.625,-19.287109375
36716.25,-20.93505859375
36733.875,-27.16064453125
36751.5,-32.65380859375
36769.125,-40.34423828125
36786.75,-49.25537109375
36804.375,-65.7958984375
36822.0,-95.8251953125
36839.625,-69.88525390625
36857.25,-71.044921875
36874.875,-71.4111328125
36892.5,-71.4111328125
36910.125,-71.044921875
36927.75,-69.9462890625
36945.375,-71.77734375
36963,-71.8994140625
36977.0625,-73.1201171875
36991.125,-87.890625
37005.1875,-91.24755859375
37019.25,-98.388671875
37033.3125,-101.98974609375
37047.375,-105.46875
37061.4375,-108.94775390625
37075.5,-95.8251953125
37089.5625,-114.6240234375
37103.625,-114.92919921875
37117.6875,-113.34228515625
37131.75,-101.9287109375
37145.8125,-90.576171875
37159.875,-79.58984375
37173.9375,-78.30810546875
37188,-123.1689453125
37198.5625,-144.775390625
37209.125,-134.33837890625
37219.6875,-30.8837890625
37230.25,25.81787109375
37240.8125,68.54248046875
37251.375,98.14453125
37261.9375,131.16455078125
37272.5,-95.8251953125
37283.0625,137.87841796875
37293.625,141.78466796875
37304.1875,155.6396484375
37314.75,168.51806640625
37325.3125,182.6171875
37335.875,201.66015625
37346.4375,206.23779296875
37357,208.55712890625
37367.625,209.16748046875
37378.25,211.181640625
37388.875,212.95166015625
37399.5,212.646484375
37410.125,202.2705078125
37420.75,195.80078125
37431.375,193.359375
37442.0,-95.8251953125
37452.625,201.904296875
37463.25,210.5712890625
37473.875,218.26171875
37484.5,229.3701171875
37495.125,234.375
37505.75,237.12158203125
37516.375,235.9619140625
37527,220.947265625
37537.5,205.56640625
37548.0,178.03955078125
37558.5,112.36572265625
37569.0,92.1630859375
37579.5,77.08740234375
37590.0,54.0771484375
37600.5,-18.9208984375
37611.0,-95.8251953125
37621.5,-53.22265625
37632.0,-81.787109375
37642.5,-130.18798828125
37653.0,-149.84130859375
37663.5,-163.0859375
37674.0,7.8125
37684.5,132.14111328125
37695,77.2705078125
37705.5625,-35.33935546875
37716.125,-243.95751953125
37726.6875,-299.74365234375
37737.25,-283.75244140625
37747.8125,-155.6396484375
37758.375,-113.76953125
37768.9375,-86.48681640625
37779.5,-95.8251953125
37790.0625,-54.38232421875
37800.625,-36.0107421875
37811.1875,-23.01025390625
37821.75,-15.80810546875
37832.3125,-11.53564453125
37842.875,-9.6435546875
37853.4375,-14.09912109375
37864,-40.771484375
37874.5,-56.94580078125
37885.0,-67.626953125
37895.5,-59.75341796875
37906.0,-44.12841796875
37916.5,-24.59716796875
37927.0,-6.103515625
37937.5,14.7705078125
37948.0,-95.8251953125
37958.5,16.17431640625
37969.0,12.75634765625
37979.5,-0.6103515625
37990.0,-8.85009765625
38000.5,-19.10400390625
38011.0,-34.97314453125
38021.5,-35.58349609375
38032,-29.541015625
38042.5,-18.12744140625
38053.0,2.685546875
38063.5,7.38525390625
38074.0,8.11767578125
38084.5,-0.732421875
38095.0,-7.99560546875
38105.5,-15.380859375
38116.0,-95.8251953125
38126.5,-17.15087890625
38137.0,-11.962890625
38147.5,-5.31005859375
38158.0,1.77001953125
38168.5,0.732421875
38179.0,-2.38037109375
38189.5,-6.65283203125
38200,-12.20703125
38210.5625,-13.18359375
38221.125,-14.0380859375
38231.6875,-19.10400390625
38242.25,-22.705078125
38252.8125,-26.0009765625
38263.375,-29.6630859375
38273.9375,-38.63525390625
38284.5,-95.8251953125
38295.0625,-43.27392578125
38305.625,-48.03466796875
38316.1875,-51.57470703125
38326.75,-51.025390625
38337.3125,-50.72021484375
38347.875,-54.62646484375
38358.4375,-62.1337890625
38369,-61.4013671875
38379.6875,-59.02099609375
38390.375,-61.95068359375
38401.0625,-62.255859375
38411.75,-67.138671875
38422.4375,-85.99853515625
38433.125,-92.22412109375
38443.8125,-92.83447265625
38454.5,-95.8251953125
38465.1875,-89.4775390625
38475.875,-90.27099609375
38486.5625,-91.36962890625
38497.25,-87.95166015625
38507.9375,-80.9326171875
38518.625,-68.05419921875
38529.3125,-52.978515625
38540,-39.12353515625
38546.9375,-50.537109375
38553.875,-53.466796875
38560.8125,10.8642578125
38567.75,59.326171875
38574.6875,97.7783203125
38581.625,122.6806640625
38588.5625,143.73779296875
38595.5,-95.8251953125
38602.4375,142.88330078125
38609.375,138.18359375
38616.3125,139.7705078125
38623.25,150.81787109375
38630.1875,165.46630859375
38637.125,195.37353515625
38644.0625,205.74951171875
38651,212.70751953125
38661.5,215.51513671875
38672.0,219.90966796875
38682.5,221.6796875
38693.0,221.98486328125
38703.5,215.2099609375
38714.0,211.669921875
38724.5,210.8154296875
38735.0,-95.8251953125
38745.5,212.21923828125
38756.0,214.05029296875
38766.5,215.33203125
38777.0,215.02685546875
38787.5,215.087890625
38798.0,215.576171875
38808.5,214.78271484375
38819,208.19091796875
38829.625,196.47216796875
38840.25,176.81884765625
38850.875,128.90625
38861.5,106.75048828125
38872.125,83.8623046875
38882.75,58.9599609375
38893.375,12.20703125
38904.0,-95.8251953125
38914.625,-5.37109375
38925.25,-24.10888671875
38935.875,-70.86181640625
38946.5,-91.24755859375
38957.125,-82.94677734375
38967.75,159.7900390625
38978.375,127.62451171875
38989,-5.859375
38999.5,-267.39501953125
39010.0,-307.0068359375
39020.5,-267.578125
39031.0,-181.7626953125
39041.5,-44.5556640625
39052.0,-35.0341796875
39062.5,-29.9072265625
39073.0,-95.8251953125
39083.5,-7.14111328125
39094.0,-9.58251953125
39104.5,-14.404296875
39115.0,-11.16943359375
39125.5,-12.3291015625
39136.0,-20.08056640625
39146.5,-30.6396484375
39157,-41.9921875
39167.5625,-36.92626953125
39178.125,-23.86474609375
39188.6875,7.99560546875
39199.25,17.39501953125
39209.8125,20.69091796875
39220.375,18.9208984375
39230.9375,5.2490234375
39241.5,-95.8251953125
39252.0625,-2.38037109375
39262.625,-9.82666015625
39273.1875,-16.41845703125
39283.75,-13.85498046875
39294.3125,-8.7890625
39304.875,1.3427734375
39315.4375,5.31005859375
39326,7.8125
39336.625,6.7138671875
39347.25,3.60107421875
39357.875,0.30517578125
39368.5,-1.77001953125
39379.125,0.06103515625
39389.75,3.60107421875
39400.375,6.9580078125
39411.0,-95.8251953125
39421.625,8.1787109375
39432.25,5.7373046875
39442.875,1.8310546875
39453.5,-9.3994140625
39464.125,-13.85498046875
39474.75,-16.4794921875
39485.375,-19.04296875
39496,-25.87890625
39506.5,-31.982421875
39517.0,-39.12353515625
39527.5,-51.69677734375
39538.0,-57.43408203125
39548.5,-62.1337890625
39559.0,-66.40625
39569.5,-70.98388671875
39580.0,-95.8251953125
39590.5,-71.47216796875
39601.0,-72.021484375
39611.5,-72.998046875
39622.0,-70.98388671875
39632.5,-65.36865234375
39643.0,-67.2607421875
39653.5,-63.720703125
39664,-62.19482421875
39678.125,-76.416015625
39692.25,-82.763671875
39706.375,-89.05029296875
39720.5,-91.30859375
39734.625,-87.7685546875
39748.75,-86.73095703125
39762.875,-88.80615234375
39777.0,-95.8251953125
39791.125,-99.18212890625
39805.25,-101.07421875
39819.375,-95.64208984375
39833.5,-75.5615234375
39847.625,-69.64111328125
39861.75,-75.8056640625
39875.875,-97.22900390625
